sent_id	token_id	token	ner_tag
1	1	solche	O
1	2	Sicherheiten	O
1	3	oder	O
1	4	Garantien	O
1	5	werden	O
1	6	auch	O
1	7	zu	O
1	8	keinem	O
1	9	späteren	O
1	10	Zeitpunkt	O
1	11	gestellt	O
1	12	werden	O
1	13	.	O
2	1	Dezember	O
2	2	2020	O
2	3	(	O
2	4	lange	O
2	5	erste	O
2	6	Zinsperiode	O
2	7	)	O
2	8	.	O
3	1		O
3	2	Sub	O
3	3	-	O
3	4	paragraph	O
3	5	(	O
3	6	4	O
3	7	)	O
4	1	B.13	O
4	2	Recent	O
4	3	Events	O
5	1	DZ	B-ORG
5	2	BANK	I-ORG
5	3	AG	I-ORG
5	4	Deutsche	I-ORG
5	5	Zentral	I-ORG
5	6	-	I-ORG
5	7	Genossenschaftsbank	I-ORG
5	8	,	O
5	9	B.1	O
5	10	Legal	O
5	11	Name	O
6	1	Equity	O
6	2	and	O
6	3	Liabilities	O
6	4	(	O
6	5	IFRS	O
6	6	)	O
6	7	31	O
6	8	Dec.	O
6	9	2013	O
6	10	31	O
6	11	Dec.	O
6	12	2012	O
7	1	Dezember	O
7	2	2017	O
7	3	wurden	O
7	4	neben	O
7	5	der	O
7	6	DZ	B-ORG
7	7	BANK	I-ORG
7	8	als	O
7	9	Mutterunternehmen	O
7	10	27	O
7	11	(	O
7	12	31.	O
7	13	Dezember	O
7	14	2016	O
7	15	:	O
7	16	28	O
7	17	)	O
7	18	Tochterunternehmen	O
7	19	und	O
7	20	6	O
7	21	(	O
7	22	31.	O
7	23	Dezember	O
7	24	2016	O
7	25	:	O
7	26	6	O
7	27	)	O
7	28	Teilkonzerne	O
7	29	mit	O
7	30	insgesamt	O
7	31	401	O
7	32	(	O
7	33	31.	O
7	34	Dezember	O
7	35	2016:442	O
7	36	)	O
7	37	Tochterunternehmen	O
7	38	einbezogen	O
7	39	.	O
8	1	Euro	B-MON
8	2	MTF	O
8	3	(	O
8	4	der	O
8	5	börsenregulierte	O
8	6	Markt	O
8	7	der	O
8	8	Luxemburger	O
8	9	Wertpapierbörse	O
8	10	)	O
9	1	2	I-ORG
9	2	Moody	B-ORG
9	3	’s	I-ORG
9	4	is	O
9	5	established	O
9	6	in	O
9	7	the	O
9	8	European	O
9	9	Community	O
9	10	and	O
9	11	registered	O
9	12	since	O
9	13	31	O
9	14	October	O
9	15	2011	O
9	16	under	O
9	17	the	O
9	18	CRA	O
9	19	Regulation	O
9	20	.	O
10	1	Aufgrund	O
10	2	der	O
10	3	abseh-	O
10	4	baren	O
10	5	Belastung	O
10	6	der	O
10	7	Profitabilitäts	O
10	8	-	O
10	9	und	O
10	10	Kapitalkennzahlen	O
10	11	erfolgte	O
10	12	zudem	O
10	13	an	O
10	14	dem	O
10	15	5	O
10	16	.	O
11	1	B.2	O
11	2	Sitz	O
11	3	/	O
11	4	Rechtsform	O
11	5	/	O
11	6	geltendes	O
11	7	Recht	O
11	8	/	O
11	9	Land	O
11	10	der	O
11	11	Die	O
11	12	Bank	O
11	13	hat	O
11	14	ihre	O
11	15	Sitze	O
11	16	in	O
11	17	Frankfurt	O
11	18	an	O
11	19	dem	O
11	20	Main	O
11	21	und	O
11	22	Erfurt	O
11	23	.	O
12	1	2	O
12	2	.	O
13	1	§	B-LEG
13	2	4	I-LEG
13	3	Zahlungen	O
13	4	(	O
13	5	a	O
13	6	)	O
13	7	Zahlungen	O
13	8	auf	O
13	9	die	O
13	10	Schuldverschreibungen	O
13	11	erfolgen	O
13	12	an	O
13	13	das	O
13	14	Clearing	B-ORG
13	15	System	I-ORG
13	16	(	O
13	17	wie	O
13	18	in	O
13	19	§	B-LEG
13	20	1(	I-LEG
13	21	b	O
13	22	)	O
13	23	der	O
13	24	Allgemeinen	O
13	25	Emissionsbedingungen	O
13	26	definiert	O
13	27	)	O
13	28	zu	O
13	29	der	O
13	30	Gutschrift	O
13	31	auf	O
13	32	die	O
13	33	Konten	O
13	34	der	O
13	35	jeweiligen	O
13	36	depotführenden	O
13	37	Banken	O
13	38	zu	O
13	39	der	O
13	40	Weiterleitung	O
13	41	an	O
13	42	die	O
13	43	jeweiligen	O
13	44	Anleihegläubiger	O
13	45	.	O
14	1	(	O
14	2	iii	O
14	3	)	O
14	4	ein	O
14	5	Aufschub	O
14	6	oder	O
14	7	eine	O
14	8	Hinauszögerung	O
14	9	eines	O
14	10	oder	O
14	11	mehrerer	O
14	12	Termine	O
14	13	für	O
14	14	(	O
14	15	1	O
14	16	)	O
14	17	die	O
14	18	Zahlung	O
14	19	oder	O
14	20	das	O
14	21	Auflaufen	O
14	22	von	O
14	23	Zinsen	O
14	24	oder	O
14	25	(	O
14	26	2	O
14	27	)	O
14	28	die	O
14	29	Zahlung	O
14	30	von	O
14	31	Kapitalbeträgen	O
14	32	oder	O
14	33	Aufgeldern	O
14	34	;	O
15	1	Berechnungsstelle	O
15	2	ist	O
15	3	die	O
15	4	Emittentin	O
15	5	.	O
16	1	2016	O
16	2	31	O
16	3	Dec.	O
16	4	2015	O
17	1	Der	O
17	2	Teilfonds	O
17	3	kann	O
17	4	bis	O
17	5	zu	O
17	6	35	B-MON
17	7	%	I-MON
17	8	seines	O
17	9	Vermögens	O
17	10	in	O
17	11	Aktien	O
17	12	investieren	O
17	13	(	O
17	14	entweder	O
17	15	direkt	O
17	16	oder	O
17	17	indirekt	O
17	18	über	O
17	19	offene	O
17	20	OGAW	B-ORG
17	21	oder	O
17	22	OGA	B-ORG
17	23	)	O
17	24	.	O
18	1	31	O
19	1	E.2b.	O
19	2	Gründe	O
19	3	für	O
19	4	das	O
19	5	Angebot	O
19	6	,	O
19	7	Zweckbestimmung	O
19	8	der	O
19	9	Erlöse	O
19	10	E.3.	O
19	11	Angebotskonditionen	O
19	12	Beschreibung	O
19	13	der	O
19	14	Angebotskonditionen	O
19	15	:	O
19	16	Ausgabepreis	O
19	17	:	O
19	18	100,00	B-MON
19	19	%	I-MON
19	20	je	O
19	21	Festgelegte	O
19	22	Stückelung	O
19	23	(	O
19	24	Anfänglicher	O
19	25	Ausgabepreis	O
19	26	,	O
19	27	danach	O
19	28	freibleibend	O
19	29	)	O
19	30	.	O
20	1	Dadurch	O
20	2	können	O
20	3	sich	O
20	4	die	O
20	5	Nettoerlöse	O
20	6	der	O
20	7	Emission	O
20	8	reduzieren	O
20	9	.	O
21	1	1	O
21	2	.	O
22	1	Die	O
22	2	Billigung	O
22	3	einer	O
22	4	höheren	O
22	5	Quote	O
22	6	gemäß	O
22	7	Unterabsatz	O
22	8	1	O
22	9	erfolgt	O
22	10	gemäß	O
22	11	dem	O
22	12	nachstehenden	O
22	13	Verfahren	O
22	14	:	O
22	15	a	O
22	16	)	O
23	1	Sie	O
23	2	wurde	O
23	3	gemäß	O
23	4	Art⟂	O
23	5	25	O
23	6	ff	O
23	7	.	O
23	8	der	O
23	9	EU	O
23	10	-	O
23	11	Verordnung	O
23	12	Nr⟂	O
23	13	575/2013	O
23	14	über	O
23	15	Aufsichtsanforderungen	O
23	16	an	O
23	17	Kreditinstitute	O
23	18	und	O
23	19	Wertpapierfirmen	O
23	20	(	O
23	21	CRR	O
23	22	)	O
23	23	ermittelt	O
23	24	.	O
24	1	Juni	O
24	2	2006	O
24	3	über	O
24	4	die	O
24	5	Aufnahme	O
24	6	und	O
24	7	Ausübung	O
24	8	der	O
24	9	Tätigkeit	O
24	10	der	O
24	11	Kreditinstitute	O
24	12	in	O
24	13	der	O
24	14	jeweils	O
24	15	gültigen	O
24	16	Fassung	O
24	17	)	O
24	18	mit	O
24	19	einer	O
24	20	Haupt	O
24	21	-	O
24	22	oder	O
24	23	Zweigniederlassung	O
24	24	in	O
24	25	der	O
24	26	Bundesrepublik	O
24	27	Deutschland	O
24	28	und	O
24	29	5	O
24	30	von	O
24	31	15	O
25	1	Dezember	O
25	2	2017	O
25	3	beziehungsweise	O
25	4	zu	O
25	5	dem	O
25	6	31.	O
25	7	Dezember	O
25	8	2016	O
25	9	endende	O
25	10	Geschäftsjahr	O
25	11	entnommen	O
25	12	.	O
26	1	Dieses	O
26	2	Kapitel	O
26	3	steht	O
26	4	dem	O
26	5	nicht	O
26	6	entgegen	O
26	7	,	O
26	8	dass	O
26	9	Behörden	O
26	10	oder	O
26	11	Stellen	O
26	12	nach	O
26	13	Absatz	B-LEG
26	14	1	I-LEG
26	15	den	O
26	16	zuständigen	O
26	17	Behörden	O
26	18	die	O
26	19	In­	O
26	20	formationen	O
26	21	übermitteln	O
26	22	,	O
26	23	die	O
26	24	zuständige	O
26	25	Behörden	O
26	26	für	O
26	27	die	O
26	28	Zwe­	O
26	29	cke	O
26	30	des	O
26	31	Artikels	B-LEG
26	32	54	I-LEG
26	33	möglicherweise	O
26	34	benötigen	O
26	35	.	O
27	1	Die	O
27	2	Kursentwicklung	O
27	3	des	O
27	4	jeweiligen	O
27	5	Korbbestandteilsi	O
27	6	entspricht	O
27	7	dem	O
27	8	Quotienten	O
27	9	aus	O
27	10	Ki	O
27	11	(	O
27	12	final	O
27	13	)	O
27	14	(	O
27	15	wie	O
27	16	in	O
27	17	C.19	O
27	18	definiert	O
27	19	)	O
27	20	und	O
27	21	Ki	O
27	22	(	O
27	23	initial	O
27	24	)	O
27	25	.	O
28	1	(	O
28	2	iii	O
28	3	)	O
28	4	Risiken	O
28	5	aufgrund	O
28	6	des	O
28	7	Umstands	O
28	8	,	O
28	9	dass	O
28	10	die	O
28	11	Bewertung	O
28	12	des	O
28	13	Basiswerts	O
28	14	oder	O
28	15	eines	O
28	16	Korbbestandteils	O
28	17	nur	O
28	18	zu	O
28	19	einem	O
28	20	bestimmtem	O
28	21	Termin	O
28	22	oder	O
28	23	Zeitpunkt	O
28	24	erfolgt	O
28	25	;	O
29	1	Landesbank	O
29	2	Hessen	B-ORG
29	3	-	I-ORG
29	4	Thüringen	I-ORG
29	5	Girozentrale	I-ORG
30	1	Die	O
30	2	Berechnungsstelle	O
30	3	wird	O
30	4	–	O
30	5	soweit	O
30	6	nicht	O
30	7	bereits	O
30	8	in	O
30	9	diesen	O
30	10	Emissionsbedingungen	O
30	11	festgelegt	O
30	12	oder	O
30	13	bezeichnet	O
30	14	–	O
30	15	veranlassen	O
30	16	,	O
30	17	dass	O
30	18	alle	O
30	19	Beträge	O
30	20	,	O
30	21	die	O
30	22	entsprechend	O
30	23	diesem	O
30	24	§	B-LEG
30	25	5	I-LEG
30	26	zu	O
30	27	der	O
30	28	Zahlung	O
30	29	an	O
30	30	die	O
30	31	Gläubiger	O
30	32	fällig	O
30	33	werden	O
30	34	,	O
30	35	umgehend	O
30	36	der	O
30	37	Emittentin	O
30	38	,	O
30	39	den	O
30	40	Gläubigern	O
30	41	,	O
30	42	der	O
30	43	Zahlstelle	O
30	44	und	O
30	45	allen	O
30	46	Börsen	O
30	47	,	O
30	48	an	O
30	49	der	O
30	50	die	O
30	51	betreffenden	O
30	52	Schuldverschreibungen	O
30	53	zu	O
30	54	diesem	O
30	55	Zeitpunkt	O
30	56	notiert	O
30	57	sind	O
30	58	und	O
30	59	deren	O
30	60	Regeln	O
30	61	eine	O
30	62	Mitteilung	O
30	63	an	O
30	64	die	O
30	65	Börse	O
30	66	verlangen	O
30	67	,	O
30	68	mitgeteilt	O
30	69	werden	O
30	70	.	O
31	1	Der	O
31	2	Halbjahresfinanzbericht	O
31	3	des	O
31	4	LBBW	O
31	5	-	O
31	6	Konzerns	O
31	7	zu	O
31	8	dem	O
31	9	30	O
31	10	.	O
31	11	Juni	O
31	12	2022	O
31	13	wurde	O
31	14	nicht	O
31	15	geprüft	O
31	16	und	O
31	17	enthält	O
31	18	11	O
31	19	von	O
31	20	14	O
32	1	Any	O
32	2	notices	O
32	3	concerning	O
32	4	this	O
32	5	§	B-LEG
32	6	11	I-LEG
32	7	shall	O
32	8	be	O
32	9	made	O
32	10	exclusively	O
32	11	pursuant	O
32	12	to	O
32	13	the	O
32	14	provisions	O
32	15	of	O
32	16	the	O
32	17	SchVG	O
32	18	.	O
33	1	1.5	O
33	2	Ermächtigung	O
33	3	Auf	O
33	4	der	O
33	5	Grundlage	O
33	6	der	O
33	7	Satzung	O
33	8	der	O
33	9	Landesbank	B-ORG
33	10	Hessen	I-ORG
33	11	-	I-ORG
33	12	Thüringen	I-ORG
33	13	Girozentrale	I-ORG
33	14	(	O
33	15	Helaba	B-ORG
33	16	)	O
33	17	und	O
33	18	,	O
33	19	soweit	O
33	20	erforderlich	O
33	21	,	O
33	22	entsprechend	O
33	23	der	O
33	24	Beschlussfassung	O
33	25	durch	O
33	26	die	O
33	27	Trägerversammlung	O
33	28	kann	O
33	29	der	O
33	30	Vorstand	O
33	31	nach	O
33	32	Maßgabe	O
33	33	der	O
33	34	Geschäftsanweisung	O
33	35	seine	O
33	36	Befugnisse	O
33	37	zu	O
33	38	der	O
33	39	Geschäftsführung	O
33	40	in	O
33	41	begrenztem	O
33	42	Umfang	O
33	43	auf	O
33	44	einzelne	O
33	45	seiner	O
33	46	Mitglieder	O
33	47	oder	O
33	48	geeignete	O
33	49	Bedienstete	O
33	50	übertragen	O
33	51	.	O
34	1	for	O
34	2	the	O
34	3	six	O
34	4	-	O
34	5	month	O
34	6	for	O
34	7	the	O
34	8	year	O
34	9	ended	O
34	10	31	O
34	11	December	O
34	12	2018	O
34	13	for	O
34	14	the	O
34	15	year	O
34	16	ended	O
34	17	31	O
34	18	December	O
34	19	2017	O
34	20	(	O
34	21	in	O
34	22	USD/thousand	O
34	23	)	O
34	24	period	O
34	25	ended	O
34	26	30	O
34	27	June	O
34	28	2019	O
35	1	Die	O
35	2	Deutsche	B-ORG
35	3	Bank	I-ORG
35	4	ist	O
35	5	in	O
35	6	einem	O
35	7	in	O
35	8	hohem	O
35	9	und	O
35	10	zunehmendem	O
35	11	Maße	O
35	12	regulierten	O
35	13	und	O
35	14	für	O
35	15	Rechtsstreitigkeiten	O
35	16	anfälligen	O
35	17	Umfeld	O
35	18	tätig	O
35	19	,	O
35	20	wodurch	O
35	21	sie	O
35	22	potenziell	O
35	23	Schadensersatzsprüchen	O
35	24	und	O
35	25	anderen	O
35	26	Kosten	O
35	27	,	O
35	28	deren	O
35	29	Höhe	O
35	30	erheblich	O
35	31	und	O
35	32	schwierig	O
35	33	abzuschätzen	O
35	34	sein	O
35	35	kann	O
35	36	,	O
35	37	sowie	O
35	38	rechtlichen	O
35	39	und	O
35	40	regulatorischen	O
35	41	Sanktionen	O
35	42	und	O
35	43	einer	O
35	44	Beeinträchtigung	O
35	45	der	O
35	46	Reputation	O
35	47	ausgesetzt	O
35	48	ist	O
35	49	.	O
36	1	In	O
36	2	the	O
36	3	Bank	B-ORG
36	4	sector	I-ORG
36	5	of	I-ORG
36	6	the	O
36	7	DZ	B-ORG
36	8	BANK	I-ORG
36	9	Group	I-ORG
36	10	,	O
36	11	equity	B-ORG
36	12	investment	I-ORG
36	13	risk	I-ORG
36	14	arises	I-ORG
36	15	primarily	I-ORG
36	16	at	I-ORG
36	17	DZ	I-ORG
36	18	BANK	I-ORG
36	19	,	O
36	20	BSH	O
36	21	and	O
36	22	DVB.	O
36	23	-	O
36	24	Market	O
36	25	risk	O
36	26	comprises	O
36	27	market	O
36	28	risk	O
36	29	in	O
36	30	the	O
36	31	narrow	O
36	32	sense	O
36	33	of	O
36	34	the	O
36	35	term	O
36	36	,	O
36	37	and	O
36	38	market	O
36	39	liquidity	O
36	40	risk	O
36	41	.	O
37	1	Die	O
37	2	Zinsen	O
37	3	sind	O
37	4	nachträglich	O
37	5	an	O
37	6	dem	O
37	7	21.10.2023	O
37	8	und	O
37	9	21.10.2024	O
37	10	(	O
37	11	jeweils	O
37	12	ein	O
37	13	Zinszahltag	O
37	14	)	O
37	15	(	O
37	16	vorbehaltlich	O
37	17	einer	O
37	18	Verschiebung	O
37	19	des	O
37	20	Tages	O
37	21	der	O
37	22	Zinszahlung	O
37	23	gemäß	O
37	24	§	B-LEG
37	25	4	I-LEG
37	26	Absatz	I-LEG
37	27	3	I-LEG
37	28	)	I-LEG
37	29	zahlbar	O
37	30	und	O
37	31	werden	O
37	32	für	O
37	33	den	O
37	34	Zeitraum	O
37	35	(	O
37	36	ohne	O
37	37	Berücksichtigung	O
37	38	einer	O
37	39	etwaigen	O
37	40	Verschiebung	O
37	41	des	O
37	42	Tages	O
37	43	der	O
37	44	Zinszahlung	O
37	45	nach	O
37	46	§	B-LEG
37	47	4	I-LEG
37	48	Absatz	I-LEG
37	49	3	I-LEG
37	50	)	I-LEG
37	51	von	O
37	52	einem	O
37	53	7	O
37	54	Zinszahltag	O
37	55	(	O
37	56	einschließlich	O
37	57	)	O
37	58	bis	O
37	59	zu	O
37	60	dem	O
37	61	jeweils	O
37	62	unmittelbar	O
37	63	folgenden	O
37	64	Zinszahltag	O
37	65	(	O
37	66	ausschließlich	O
37	67	)	O
37	68	,	O
37	69	erstmals	O
37	70	von	O
37	71	dem	O
37	72	21.10.2022	O
37	73	(	O
37	74	einschließlich	O
37	75	)	O
37	76	bis	O
37	77	zu	O
37	78	dem	O
37	79	ersten	O
37	80	Zinszahltag	O
37	81	(	O
37	82	ausschließlich	O
37	83	)	O
37	84	(	O
37	85	jeweils	O
37	86	eine	O
37	87	Zinsperiode	O
37	88	)	O
37	89	berechnet	O
37	90	.	O
38	1	2	O
38	2	Der	O
38	3	Wert	O
38	4	wurde	O
38	5	angepasst	O
38	6	,	O
38	7	da	O
38	8	die	O
38	9	Finanzzahl	O
38	10	Sachanlagen	O
38	11	und	O
38	12	Investment	O
38	13	Property	O
38	14	aus	O
38	15	dieser	O
38	16	Tabelle	O
38	17	gestrichen	O
38	18	wurde	O
38	19	.	O
39	1	§	B-LEG
39	2	11	I-LEG
39	3	Anwendbares	O
39	4	Recht	O
39	5	,	O
39	6	Gerichtsstand	O
39	7	und	O
39	8	Erfüllungsort	O
39	9	(	O
39	10	a	O
39	11	)	O
39	12	Anwendbares	O
39	13	Recht	O
39	14	Form	O
39	15	und	O
39	16	Inhalt	O
39	17	der	O
39	18	Pfandbriefe	O
39	19	sowie	O
39	20	alle	O
39	21	sich	O
39	22	daraus	O
39	23	ergebenden	O
39	24	Rechte	O
39	25	und	O
39	26	Pflichten	O
39	27	bestimmen	O
39	28	sich	O
39	29	ausschließlich	O
39	30	nach	O
39	31	dem	O
39	32	Recht	O
39	33	der	O
39	34	Bundesrepublik	O
39	35	Deutschland	O
39	36	.	O
40	1	DZ	B-ORG
40	2	BANK	I-ORG
40	3	is	O
40	4	rated	O
40	5	by	O
40	6	Standard	B-ORG
40	7	&	I-ORG
40	8	Poor	I-ORG
40	9	’s	O
40	10	Credit	B-ORG
40	11	Market	I-ORG
40	12	Services	O
40	13	Europe	O
40	14	Ltd.	O
40	15	(	O
40	16	"	O
40	17	S&P"	O
40	18	)	O
40	19	2	O
40	20	,	O
40	21	Moody	B-ORG
40	22	’s	I-ORG
40	23	Deutschland	I-ORG
40	24	GmbH	I-ORG
40	25	(	O
40	26	"	O
40	27	Moody’s	O
40	28	"	O
40	29	)	O
40	30	3	O
40	31	and	O
40	32	Fitch	B-ORG
40	33	Ratings	I-ORG
40	34	Ltd	I-ORG
40	35	(	O
40	36	"	O
40	37	Fitch	O
40	38	"	O
40	39	)	O
40	40	4	O
40	41	.	O
41	1	Die	O
41	2	Banken	O
41	3	und	O
41	4	Sparkassen	O
41	5	,	O
41	6	die	O
41	7	die	O
41	8	Schuldverschreibungen	O
41	9	vertreiben	O
41	10	,	O
41	11	erhalten	O
41	12	unter	O
41	13	Umständen	O
41	14	eine	O
41	15	Vertriebsprovision	O
41	16	.	O
42	1	Diese	O
42	2	enthalten	O
42	3	besondere	O
42	4	Beschreibungen	O
42	5	der	O
42	6	Regelungen	O
42	7	,	O
42	8	die	O
42	9	zu	O
42	10	einer	O
42	11	vorzeitigen	O
42	12	Beendigung	O
42	13	der	O
42	14	Laufzeit	O
42	15	der	O
42	16	Schuldverschreibungen	O
42	17	führen	O
42	18	können	O
42	19	.	O
43	1	5	O
44	1	B.2	O
44	2	Sitz	O
44	3	/	O
44	4	Rechtsform	O
44	5	/	O
44	6	geltendes	O
44	7	Recht	O
44	8	/	O
44	9	Land	O
44	10	der	O
44	11	Die	O
44	12	Bank	O
44	13	hat	O
44	14	ihre	O
44	15	Sitze	O
44	16	in	O
44	17	Frankfurt	O
44	18	an	O
44	19	dem	O
44	20	Main	O
44	21	und	O
44	22	Erfurt	O
44	23	.	O
45	1	Die	O
45	2	Emittentin	O
45	3	wird	O
45	4	Informationen	O
45	5	nach	O
45	6	der	O
45	7	Emission	O
45	8	außer	O
45	9	in	O
45	10	dem	O
45	11	Falle	O
45	12	von	O
45	13	Bekanntmachungen	O
45	14	gemäß	O
45	15	§	B-LEG
45	16	8	I-LEG
45	17	der	O
45	18	Allgemeinen	O
45	19	Emissionsbedingungen	O
45	20	nicht	O
45	21	liefern	O
45	22	.	O
46	1	§	B-LEG
46	2	4	I-LEG
46	3	Rückzahlung	O
46	4	bei	O
46	5	Endfälligkeit	O
46	6	§	B-LEG
46	7	4	I-LEG
46	8	Redemption	O
46	9	at	O
46	10	Maturity	O
46	11	To	O
46	12	the	O
46	13	extent	O
46	14	not	O
46	15	previously	O
46	16	redeemed	O
46	17	in	O
46	18	whole	O
46	19	or	O
46	20	in	O
46	21	part	O
46	22	the	O
46	23	Pfandbriefe	O
46	24	will	O
46	25	be	O
46	26	redeemed	O
46	27	at	O
46	28	their	O
46	29	Specified	O
46	30	Denomination	O
46	31	on	O
46	32	15	O
46	33	June	O
46	34	2023	O
46	35	(	O
46	36	the	O
46	37	"	O
46	38	Maturity	O
46	39	Date	O
46	40	"	O
46	41	)	O
46	42	.	O
47	1	Die	O
47	2	Emittentin	O
47	3	behält	O
47	4	sich	O
47	5	ferner	O
47	6	das	O
47	7	Recht	O
47	8	vor	O
47	9	,	O
47	10	das	O
47	11	Angebotsvolumen	O
47	12	sowie	O
47	13	den	O
47	14	möglichen	O
47	15	Gesamtnennbetrag	O
47	16	während	O
47	17	der	O
47	18	Laufzeit	O
47	19	gemäß	O
47	20	§	B-LEG
47	21	11	I-LEG
47	22	der	O
47	23	Emissionsbedingungen	O
47	24	durch	O
47	25	Aufstockungen	O
47	26	zu	O
47	27	erhöhen	O
47	28	oder	O
47	29	durch	O
47	30	eine	O
47	31	Rücknahme	O
47	32	zu	O
47	33	reduzieren	O
47	34	.	O
48	1	(	O
48	2	2	O
48	3	)	O
48	4	Benachrichtigung	O
48	5	.	O
49	1	Der	O
49	2	Rückzahlungsbetrag	O
49	3	kann	O
49	4	geringer	O
49	5	sein	O
49	6	als	O
49	7	der	O
49	8	Emissionspreis	O
49	9	oder	O
49	10	der	O
49	11	18	O
49	12	jeweilige	O
49	13	Erwerbspreis	O
49	14	und	O
49	15	es	O
49	16	werden	O
49	17	unter	O
49	18	Umständen	O
49	19	keine	O
49	20	Zinszahlungen	O
49	21	oder	O
49	22	anderen	O
49	23	laufende	O
49	24	Ausschüttungen	O
49	25	geleistet	O
49	26	.	O
50	1	Dezember	O
50	2	2010	O
50	3	ihre	O
50	4	Aufgabe	O
50	5	ordnungsgemäß	O
50	6	ausüben	O
50	7	und	O
50	8	die	O
50	9	Verantwortung	O
50	10	übernehmen	O
50	11	kann	O
50	12	.	O
51	1	Dezember	O
51	2	2013	O
51	3	endende	O
51	4	Geschäftsjahr	O
51	5	der	O
51	6	DZ	B-ORG
51	7	BANK	I-ORG
51	8	entnommen	O
51	9	wurden	O
51	10	.	O
52	1	Issue	O
52	2	Date	O
52	3	:	O
52	4	16	O
52	5	October	O
52	6	2019	O
52	7	Valutierungstag	O
52	8	:	O
52	9	16	O
52	10	.	O
53	1	Oktober	O
53	2	2015	O
53	3	,	O
53	4	wie	O
53	5	von	O
53	6	Zeit	O
53	7	zu	O
53	8	Zeit	O
53	9	nachgetragen	O
53	10	,	O
53	11	(	O
53	12	der	O
53	13	"	O
53	14	Prospekt	O
53	15	"	O
53	16	)	O
53	17	zu	O
53	18	lesen	O
53	19	.	O
54	1	(	O
54	2	4	O
54	3	)	O
54	4	(	O
54	5	Absichtlich	O
54	6	freigelassen	O
54	7	)	O
55	1	Die	O
55	2	Emittentin	O
55	3	ist	O
55	4	nicht	O
55	5	verpflichtet	O
55	6	,	O
55	7	den	O
55	8	Erwerb	O
55	9	bekannt	O
55	10	zu	O
55	11	machen	O
55	12	.	O
56	1	Bundesrepublik	O
56	2	Deutschland	O
57	1	Die	O
57	2	Helaba	B-ORG
57	3	-	I-ORG
57	4	Gruppe	O
57	5	wurde	O
57	6	2017	O
57	7	mit	O
57	8	dem	O
57	9	Schwerpunkt	O
57	10	auf	O
57	11	in	O
57	12	dem	O
57	13	Retail-	O
57	14	Geschäft	O
57	15	verwendete	O
57	16	Kreditrisikomodelle	O
57	17	und	O
57	18	das	O
57	19	Interne	O
57	20	Marktpreisrisikomodell	O
57	21	geprüft	O
57	22	.	O
58	1	Sicherheitenmanagement	O
58	2	................................................................................................................	O
58	3	148	O
58	4	26	O
58	5	.	O
59	1	Gläubiger	O
59	2	der	O
59	3	Emittentin	O
59	4	sind	O
59	5	Risiken	O
59	6	in	O
59	7	dem	O
59	8	Zusammenhang	O
59	9	mit	O
59	10	den	O
59	11	Anforderungen	O
59	12	an	O
59	13	die	O
59	14	Emittentin	O
59	15	ausgesetzt	O
59	16	,	O
59	17	eine	O
59	18	bestimmte	O
59	19	Schwelle	O
59	20	berücksichtigungsfähiger	O
59	21	bail	O
59	22	-	O
59	23	in	O
59	24	-	O
59	25	fähiger	O
59	26	Verbindlichkeiten	O
59	27	(	O
59	28	d.h.	O
59	29	solcher	O
59	30	Verbindlichkeiten	O
59	31	,	O
59	32	die	O
59	33	in	O
59	34	dem	O
59	35	Falle	O
59	36	einer	O
59	37	Abwicklung	O
59	38	der	O
59	39	jeweiligen	O
59	40	Bank	O
59	41	herabgeschrieben	O
59	42	oder	O
59	43	in	O
59	44	Eigenkapitalinstrumente	O
59	45	umgewandelt	O
59	46	werden	O
59	47	können	O
59	48	)	O
59	49	vorzuhalten	O
59	50	.	O
60	1	Geschäftstag	O
60	2	nach	O
60	3	dem	O
60	4	ersten	O
60	5	Tag	O
60	6	dieser	O
60	7	Veröffentlichung	O
60	8	des	O
60	9	Nichtstattfindens	O
60	10	einer	O
60	11	Auktion	O
60	12	,	O
60	13	oder	O
60	14	(	O
60	15	iii	O
60	16	)	O
60	17	falls	O
60	18	ISDA	O
60	19	-	O
60	20	Kreditereignis	O
60	21	-	O
60	22	Informationen	O
60	23	veröffentlicht	O
60	24	worden	O
60	25	sind	O
60	26	und	O
60	27	ISDA	O
60	28	auf	O
60	29	der	O
60	30	Internetseite	O
60	31	http://dc.isda.org/credit-default-swaps-management/	O
60	32	(	O
60	33	oder	O
60	34	eine	O
60	35	diese	O
60	36	ersetzende	O
60	37	Seite	O
60	38	)	O
60	39	ankündigt	O
60	40	,	O
60	41	in	O
60	42	dem	O
60	43	Hinblick	O
60	44	auf	O
60	45	das	O
60	46	in	O
60	47	der	O
60	48	Kreditereignis	O
60	49	-	O
60	50	Mitteilung	O
60	51	genannte	O
60	52	Kreditereignis	O
60	53	eine	O
60	54	Auktion	O
60	55	durchzuführen	O
60	56	,	O
60	57	dann	O
60	58	jedoch	O
60	59	auf	O
60	60	dieser	O
60	61	Seite	O
60	62	veröffentlicht	O
60	63	,	O
60	64	dass	O
60	65	diese	O
60	66	Auktion	O
60	67	abgesagt	O
60	68	wird	O
60	69	,	O
60	70	den	O
60	71	10	O
60	72	.	O
61	1	15	O
62	1	Die	O
62	2	Mitteilung	O
62	3	an	O
62	4	die	O
62	5	Gläubiger	O
62	6	erfolgt	O
62	7	gemäß	O
62	8	§	B-LEG
62	9	12	I-LEG
62	10	.	O
62	11	(	O
62	12	6	O
62	13	)	O
62	14	Verbindlichkeit	O
62	15	der	O
62	16	Festsetzungen	O
62	17	.	O
63	1	short	O
63	2	-	O
63	3	term	O
63	4	rating	O
63	5	:	O
63	6	F1	O
63	7	+	O
63	8	*	O
64	1	Der	O
64	2	Teilfonds	O
64	3	wendet	O
64	4	zunächst	O
64	5	die	O
64	6	Ausschlusspolitik	O
64	7	von	O
64	8	Amundi	O
64	9	an	O
64	10	,	O
64	11	die	O
64	12	die	O
64	13	folgenden	O
64	14	Regeln	O
64	15	umfasst	O
64	16	:	O
64	17	-	O
64	18	Gesetzliche	O
64	19	Ausschlüsse	O
64	20	für	O
64	21	umstrittene	O
64	22	Waffen	O
64	23	(	O
64	24	Antipersonenminen	O
64	25	,	O
64	26	Streubomben	O
64	27	,	O
64	28	chemische	O
64	29	Waffen	O
64	30	,	O
64	31	biologische	O
64	32	Waffen	O
64	33	und	O
64	34	Waffen	O
64	35	,	O
64	36	die	O
64	37	abgereichertes	O
64	38	Uran	O
64	39	enthalten	O
64	40	usw.	O
64	41	)	O
64	42	;	O
64	43	-	O
64	44	Unternehmen	O
64	45	,	O
64	46	die	O
64	47	ernsthaft	O
64	48	und	O
64	49	wiederholt	O
64	50	gegen	O
64	51	einen	O
64	52	oder	O
64	53	mehrere	O
64	54	der	O
64	55	zehn	O
64	56	Grundsätze	O
64	57	des	O
64	58	Global	O
64	59	Compact	O
64	60	verstoßen	O
64	61	,	O
64	62	ohne	O
64	63	glaubwürdige	O
64	64	Korrekturmaßnahmen	O
64	65	zu	O
64	66	ergreifen	O
64	67	;	O
65	1	Allerdings	O
65	2	sollten	O
65	3	Ausnahmen	O
65	4	für	O
65	5	gewisse	O
65	6	Kreditinstitute	O
65	7	vorgesehen	O
65	8	werden	O
65	9	,	O
65	10	auf	O
65	11	die	O
65	12	diese	O
65	13	Richtlinie	O
65	14	keine	O
65	15	Anwendung	O
65	16	findet	O
65	17	.	O
66	1		O
66	2	Niedersächsische	O
66	3	Wertpapierbörse	O
66	4	zu	O
66	5	Hannover	O
66	6	,	O
66	7	regu-	O
66	8	lierter	O
66	9	Markt	O
67	1	102	O
68	1	The	O
68	2	date	O
68	3	from	O
68	4	which	O
68	5	interest	O
68	6	becomes	O
68	7	payable	O
68	8	and	O
68	9	the	O
68	10	due	O
68	11	dates	O
68	12	for	O
68	13	interest	O
69	1	Anlagen	O
69	2	in	O
69	3	Anteilen	O
69	4	von	O
69	5	OGA	B-ORG
69	6	oder	O
69	7	OGAW	B-ORG
69	8	..................................................................................	O
69	9	144	O
69	10	16	O
69	11	.	O
70	1	3	O
71	1	Von	O
71	2	dieser	O
71	3	Möglichkeit	O
71	4	hat	O
71	5	der	O
71	6	Vorstand	O
71	7	Gebrauch	O
71	8	gemacht	O
71	9	und	O
71	10	die	O
71	11	Produktzuständigkeit	O
71	12	für	O
71	13	Eigenemissionen	O
71	14	der	O
71	15	Bank	O
71	16	auf	O
71	17	die	O
71	18	Abteilung	O
71	19	Liability	O
71	20	Management	O
71	21	&	O
71	22	Funding	O
71	23	übertragen	O
71	24	.	O
72	1	Die	O
72	2	Sammelurkunde	O
72	3	ist	O
72	4	bei	O
72	5	der	O
72	6	Clearstream	B-ORG
72	7	Banking	I-ORG
72	8	AG	I-ORG
72	9	,	O
72	10	Frankfurt	O
72	11	an	O
72	12	dem	O
72	13	Main	O
72	14	,	O
72	15	Geschäftsanschrift	O
72	16	:	O
72	17	Mergenthalerallee	O
72	18	61	O
72	19	,	O
72	20	65760	O
72	21	Eschborn	O
72	22	hinterlegt	O
72	23	.	O
73	1	Wahlrückzahlungstag	O
73	2	(	O
73	3	Call	O
73	4	)	O
73	5	24	O
73	6	.	O
74	1	nicht	O
74	2	anwendbar	O
74	3	Details	O
74	4	of	O
74	5	the	O
74	6	minimum	O
74	7	and/or	O
74	8	maximum	O
74	9	amount	O
74	10	of	O
74	11	application	O
74	12	(	O
74	13	whether	O
74	14	in	O
74	15	number	O
74	16	of	O
74	17	Notes	O
74	18	or	O
74	19	aggregate	O
74	20	amount	O
74	21	to	O
74	22	invest	O
74	23	)	O
74	24	.	O
75	1	4	O
76	1	11.	O
76	2	Der	O
76	3	nach	O
76	4	der	O
76	5	Zinsformel	O
76	6	in	O
76	7	Absatz	B-LEG
76	8	2	I-LEG
76	9	berechnete	O
76	10	Zinssatz	O
76	11	für	O
76	12	die	O
76	13	jeweilige	O
76	14	Zinsperiode	O
76	15	wird	O
76	16	innerhalb	O
76	17	von	O
76	18	3	O
76	19	Bankgeschäftstagen	O
76	20	nach	O
76	21	dem	O
76	22	jeweiligen	O
76	23	Feststellungstag	O
76	24	gemäß	O
76	25	§	B-LEG
76	26	8	I-LEG
76	27	durch	O
76	28	die	O
76	29	Berechnungsstelle	O
76	30	bekannt	O
76	31	gemacht	O
76	32	.	O
77	1	Ist	O
77	2	der	O
77	3	Fälligkeitstag	O
77	4	kein	O
77	5	Bankgeschäftstag	O
77	6	,	O
77	7	dann	O
77	8	hat	O
77	9	der	O
77	10	Gläubiger	O
77	11	keinen	O
77	12	Anspruch	O
77	13	auf	O
77	14	Zahlung	O
77	15	vor	O
77	16	dem	O
77	17	nächsten	O
77	18	Bankgeschäftstag	O
77	19	.	O
78	1	Operating	O
78	2	income1	O
78	3	6,555	O
78	4	6,110	O
78	5	Allowances	O
78	6	for	O
78	7	losses	O
78	8	on	O
78	9	loans	O
78	10	and	O
78	11	advances	O
78	12	-786	O
78	13	-569	O
78	14	14	O
79	1	Name	O
79	2	of	O
79	3	Representative	O
79	4	of	O
79	5	the	O
79	6	Holders	O
79	7	:	O
79	8	Not	O
79	9	applicable	O
79	10	.	O
80	1	7	O
80	2	.	O
81	1	Artikel	B-LEG
81	2	157	I-LEG
81	3	Zusammenarbeit	O
81	4	bei	O
81	5	der	O
81	6	Aufsicht	O
81	7	Artikel	B-LEG
81	8	154	I-LEG
81	9	Sicherungsmaßnahmen	O
82	1	TEIL	O
82	2	A	O
82	3	–	O
82	4	VERTRAGLICHE	O
82	5	BEDINGUNGEN	O
82	6	PART	O
82	7	A	O
82	8	–	O
82	9	CONTRACTUAL	O
82	10	TERMS	O
82	11	Diese	O
82	12	Endgültigen	O
82	13	Bedingungen	O
82	14	enthalten	O
82	15	Angaben	O
82	16	zu	O
82	17	der	O
82	18	Emission	O
82	19	von	O
82	20	Schuldverschreibungen	O
82	21	unter	O
82	22	dem	O
82	23	Debt	O
82	24	Issuance	O
82	25	Programme	O
82	26	der	O
82	27	NRW.BANK	O
82	28	(	O
82	29	das	O
82	30	Programm	O
82	31	)	O
82	32	und	O
82	33	sind	O
82	34	in	O
82	35	Verbindung	O
82	36	mit	O
82	37	dem	O
82	38	verkürzten	O
82	39	Prospekt	O
82	40	von	O
82	41	dem	O
82	42	29	O
82	43	.	O
83	1	Die	O
83	2	Dauerglobalurkunde	O
83	3	wird	O
83	4	von	O
83	5	oder	O
83	6	in	O
83	7	dem	O
83	8	Namen	O
83	9	der	O
83	10	Emittentin	O
83	11	unterschrieben	O
83	12	.	O
84	1	Die	O
84	2	Konzernabschlüsse	O
84	3	sowie	O
84	4	die	O
84	5	Konzernlageberichte	O
84	6	2017	O
84	7	und	O
84	8	2016	O
84	9	und	O
84	10	der	O
84	11	Jahresabschluss	O
84	12	sowie	O
84	13	der	O
84	14	Lagebericht	O
84	15	2017	O
84	16	der	O
84	17	Emittentin	O
84	18	wurden	O
84	19	von	O
84	20	PricewaterhouseCoopers	B-ORG
84	21	GmbH	I-ORG
84	22	Wirtschaftsprüfungsgesellschaft	O
84	23	geprüft	O
84	24	und	O
84	25	erhielten	O
84	26	jeweils	O
84	27	uneingeschränkte	O
84	28	Bestätigungsvermerke	O
84	29	.	O
85	1	8	O
85	2	von	O
85	3	48	O
86	1	5	O
86	2	.	O
87	1	A	O
87	2	description	O
87	3	of	O
87	4	the	O
87	5	possibility	O
87	6	to	O
87	7	reduce	O
87	8	subscriptions	O
87	9	and	O
87	10	the	O
87	11	manner	O
87	12	for	O
87	13	refunding	O
87	14	excess	O
87	15	amount	O
87	16	paid	O
87	17	by	O
87	18	applicants	O
87	19	Beschreibung	O
87	20	der	O
87	21	Möglichkeit	O
87	22	zu	O
87	23	der	O
87	24	Reduzierung	O
87	25	der	O
87	26	Zeichnungen	O
87	27	und	O
87	28	der	O
87	29	Art	B-LEG
87	30	und	I-LEG
87	31	Weise	O
87	32	der	O
87	33	Erstattung	O
87	34	des	O
87	35	zu	O
87	36	viel	O
87	37	gezahlten	O
87	38	Betrags	O
87	39	an	O
87	40	die	O
87	41	Zeichner	O
88	1	Mai	O
88	2	2023	O
88	3	0,20	B-MON
88	4	%	I-MON
88	5	31	O
88	6	.	O
89	1	Diese	O
89	2	wird	O
89	3	von	O
89	4	der	O
89	5	Emittentin	O
89	6	nach	O
89	7	billigem	O
89	8	Ermessen	O
89	9	(	O
89	10	§315	B-LEG
89	11	BGB	I-LEG
89	12	)	I-LEG
89	13	bestimmt	O
89	14	und	O
89	15	den	O
89	16	Anleihegläubigern	O
89	17	nach	O
89	18	§	B-LEG
89	19	8	I-LEG
89	20	der	O
89	21	Allgemeinen	O
89	22	Emissionsbedingungen	O
89	23	mitgeteilt	O
89	24	.	O
90	1	(	O
90	2	4	O
90	3	)	O
90	4	Verbindlichkeit	O
90	5	der	O
90	6	Festsetzungen	O
90	7	.	O
91	1	Geschäftsjahr	O
91	2	zu	O
91	3	dem	O
91	4	31.	O
91	5	Dezember	O
91	6	2018	O
91	7	Gewinn	O
91	8	-	O
91	9	und	O
91	10	Verlustrechnung	O
91	11	(	O
91	12	in	O
91	13	Mio.	O
91	14	Euro	B-MON
91	15	)	O
91	16	Sechsmonats	O
91	17	-	O
91	18	zeitraum	O
91	19	zu	O
91	20	dem	O
91	21	30	O
91	22	.	O
92	1	Dezember	O
92	2	2017	O
92	3	und	O
92	4	2016	O
92	5	endenden	O
92	6	Geschäftsjahre	O
92	7	entnommen	O
92	8	:	O
93	1	Die	O
93	2	Angaben	O
93	3	in	O
93	4	diesem	O
93	5	TEIL	O
93	6	I	O
93	7	dieser	O
93	8	Endgültigen	O
93	9	Bedingungen	O
93	10	zusammengenommen	O
93	11	mit	O
93	12	den	O
93	13	Bestimmungen	O
93	14	der	O
93	15	Anleihebedingungen	O
93	16	stellen	O
93	17	die	O
93	18	für	O
93	19	die	O
93	20	Tranche	O
93	21	von	O
93	22	Schuldverschreibungen	O
93	23	anwendbaren	O
93	24	Bedingungen	O
93	25	dar	O
93	26	(	O
93	27	die	O
93	28	"	O
93	29	Bedingungen	O
93	30	"	O
93	31	)	O
93	32	.	O
94	1	Operating	O
94	2	income1	O
94	3	6,555	O
94	4	6,110	O
94	5	Allowances	O
94	6	for	O
94	7	losses	O
94	8	on	O
94	9	loans	O
94	10	and	O
94	11	advances	O
94	12	-786	O
94	13	-569	O
94	14	Profit	O
94	15	before	O
94	16	taxes	O
94	17	1,810	O
94	18	2,197	O
94	19	Net	O
94	20	profit	O
94	21	1,098	O
94	22	1,606	O
95	1	Ihre	O
95	2	breitgestreuten	O
95	3	Aktivitäten	O
95	4	in	O
95	5	dem	O
95	6	Bank	O
95	7	-	O
95	8	und	O
95	9	Finanzwesen	O
95	10	sowie	O
95	11	in	O
95	12	verwandten	O
95	13	Bereichen	O
95	14	umfassen	O
95	15	das	O
95	16	Einlagen	O
95	17	-	O
95	18	und	O
95	19	Kreditgeschäft	O
95	20	,	O
95	21	die	O
95	22	Vermögensverwaltung	O
95	23	,	O
95	24	den	O
95	25	Wertpapierhandel	O
95	26	und	O
95	27	das	O
95	28	Brokergeschäft	O
95	29	,	O
95	30	das	O
95	31	Investment	B-ORG
95	32	Banking	I-ORG
95	33	,	O
95	34	die	O
95	35	internationale	O
95	36	Handels	O
95	37	-	O
95	38	und	O
95	39	Unternehmensfinanzierung	O
95	40	,	O
95	41	Leasing	O
95	42	,	O
95	43	Factoring	O
95	44	sowie	O
95	45	den	O
95	46	Vertrieb	O
95	47	bestimmter	O
95	48	Lebensversicherungsprodukte	O
95	49	über	O
95	50	Bankfilialen	O
95	51	(	O
95	52	bancassurance	O
95	53	)	O
95	54	.	O
96	1	Bei	O
96	2	Eintritt	O
96	3	eines	O
96	4	Referenzzinssatz	O
96	5	-	O
96	6	Ersetzungsereignisses	O
96	7	in	O
96	8	Bezug	O
96	9	auf	O
96	10	den	O
96	11	€STR	O
96	12	oder	O
96	13	einen	O
96	14	weiteren	O
96	15	Nachfolgesatz	O
96	16	ist	O
96	17	die	O
96	18	Emittentin	O
96	19	berechtigt	O
96	20	,	O
96	21	den	O
96	22	Referenzzinssatz	O
96	23	ab	O
96	24	dem	O
96	25	Referenzzinssatz	O
96	26	-	O
96	27	Ersetzungsereignis	O
96	28	-	O
96	29	Stichtag	O
96	30	in	O
96	31	Bezug	O
96	32	auf	O
96	33	den	O
96	34	€STR	O
96	35	oder	O
96	36	einen	O
96	37	weiteren	O
96	38	Nachfolgesatz	O
96	39	nach	O
96	40	Maßgabe	O
96	41	der	O
96	42	nachfolgenden	O
96	43	Bestimmungen	O
96	44	anzupassen	O
96	45	:	O
96	46	(	O
96	47	1	O
96	48	)	O
97	1	Die	O
97	2	Deka	O
97	3	-	O
97	4	Gruppe	O
97	5	ist	O
97	6	das	O
97	7	Wertpapierhaus	O
97	8	der	O
97	9	Sparkassen	O
97	10	.	O
98	1	November	O
98	2	2017	O
98	3	in	O
98	4	Bezug	O
98	5	auf	O
98	6	die	O
98	7	Zulassung	O
98	8	von	O
98	9	unter	O
98	10	dem	O
98	11	Emissionsprogramm	O
98	12	für	O
98	13	Inhaberschuldverschreibungen	O
98	14	II	O
98	15	begebenen	O
98	16	Schuldverschreibungen	O
98	17	.	O
99	1	(	O
99	2	8	O
99	3	)	O
100	1	Standard	B-ORG
100	2	&	I-ORG
100	3	Poor	I-ORG
100	4	’s	I-ORG
100	5	Credit	I-ORG
100	6	Market	I-ORG
100	7	Services	I-ORG
100	8	Europe	I-ORG
100	9	Ltd.	I-ORG
100	10	(	O
100	11	"	I-ORG
100	12	S&P	B-ORG
100	13	"	I-ORG
100	14	)	O
100	15	und	O
100	16	Moody	B-ORG
100	17	’s	I-ORG
100	18	Deutschland	I-ORG
100	19	GmbH	I-ORG
100	20	(	O
100	21	"	O
100	22	Moody’s	O
100	23	"	O
100	24	)	O
100	25	haben	O
100	26	ihren	O
100	27	Sitz	O
100	28	in	O
100	29	der	O
100	30	Europäischen	O
100	31	Gemeinschaft	O
100	32	und	O
100	33	sind	O
100	34	seit	O
100	35	dem	O
100	36	31	O
100	37	.	O
101	1	Overview	O
101	2	B.12	O
101	3	Selected	O
101	4	Historical	O
101	5	Key	O
101	6	Financial	O
101	7	Information	O
101	8	The	O
101	9	following	O
101	10	table	O
101	11	sets	O
101	12	out	O
101	13	in	O
101	14	summary	O
101	15	form	O
101	16	the	O
101	17	balance	O
101	18	sheet	O
101	19	of	O
101	20	MünchenerHyp	O
101	21	,	O
101	22	which	O
101	23	has	O
101	24	been	O
101	25	extracted	O
101	26	from	O
101	27	the	O
101	28	respective	O
101	29	audited	O
101	30	annual	O
101	31	financial	O
101	32	statements	O
101	33	of	O
101	34	MünchenerHyp	O
101	35	prepared	O
101	36	in	O
101	37	accordance	O
101	38	with	O
101	39	the	O
101	40	Commercial	O
101	41	Code	O
101	42	(	O
101	43	Handelsgesetzbuch	O
101	44	–	O
101	45	“	O
101	46	HGB	O
101	47	”	O
101	48	)	O
101	49	for	O
101	50	the	O
101	51	financial	O
101	52	years	O
101	53	ended	O
101	54	31	O
101	55	December	O
101	56	2015	O
101	57	and	O
101	58	2014	O
101	59	:	O
101	60	MünchenerHyp	O
101	61	Assets	O
101	62	(	O
101	63	in	O
101	64	EUR	B-MON
101	65	mln	O
101	66	)	O
101	67	31	O
101	68	Dec.2015	O
101	69	31	O
101	70	Dec.	O
102	1	Viele	O
102	2	dieser	O
102	3	regulatorischen	O
102	4	Änderungen	O
102	5	,	O
102	6	wie	O
102	7	beispielsweise	O
102	8	erhöhte	O
102	9	Kapital	O
102	10	-	O
102	11	,	O
102	12	Liquiditäts	O
102	13	-	O
102	14	und	O
102	15	Governanceanforderungen	O
102	16	gemäß	O
102	17	Basel	O
102	18	III	O
102	19	sind	O
102	20	in	O
102	21	der	O
102	22	Umsetzung	O
102	23	bzw	O
102	24	⟂	O
102	25	befinden	O
102	26	sich	O
102	27	in	O
102	28	der	O
102	29	Einphasung	O
102	30	.	O
103	1	4	O
103	2	.	O
104	1	EUR	B-MON
104	2	Forderungen	O
104	3	an	O
104	4	Kreditinstitute	O
104	5	21.396	O
104	6	23.236	O
104	7	Forderungen	O
104	8	an	O
104	9	Kunden	O
104	10	90.747	O
104	11	90.821	O
104	12	Handelsaktiva	O
104	13	32.273	O
104	14	37.954	O
104	15	24.292	O
104	16	28.003	O
104	17	Finanzanlagen	O
104	18	und	O
104	19	Anteile	O
104	20	an	O
104	21	at	O
104	22	-	O
104	23	Equity	O
104	24	bewerteten	O
104	25	Unternehmen	O
104	26	Verbindlichkeiten	O
104	27	gegenüber	O
104	28	34.106	O
104	29	39.275	O
105	1	ISIN	O
105	2	DE000DK0EQW4	O
106	1	Der	O
106	2	Anspruch	O
106	3	auf	O
106	4	Zinszahlung	O
106	5	erlischt	O
106	6	abweichend	O
106	7	davon	O
106	8	mit	O
106	9	Ablauf	O
106	10	von	O
106	11	zwei	O
106	12	Jahren	O
106	13	nach	O
106	14	dem	O
106	15	Schluss	O
106	16	des	O
106	17	Jahres	O
106	18	,	O
106	19	in	O
106	20	das	O
106	21	der	O
106	22	Zinszahltag	O
106	23	fällt	O
106	24	,	O
106	25	sofern	O
106	26	er	O
106	27	nicht	O
106	28	vor	O
106	29	Ablauf	O
106	30	der	O
106	31	zwei	O
106	32	Jahre	O
106	33	gerichtlich	O
106	34	geltend	O
106	35	gemacht	O
106	36	wird	O
106	37	.	O
107	1	§7	B-LEG
107	2	TAXATION	I-LEG
107	3	All	O
107	4	amounts	O
107	5	payable	O
107	6	in	O
107	7	respect	O
107	8	of	O
107	9	the	O
107	10	Pfandbriefe	O
107	11	shall	O
107	12	be	O
107	13	made	O
107	14	without	O
107	15	withholding	O
107	16	or	O
107	17	deduction	O
107	18	for	O
107	19	or	O
107	20	on	O
107	21	account	O
107	22	of	O
107	23	any	O
107	24	present	O
107	25	or	O
107	26	future	O
107	27	taxes	O
107	28	,	O
107	29	duties	O
107	30	,	O
107	31	assessments	O
107	32	or	O
107	33	governmental	O
107	34	charges	O
107	35	of	O
107	36	whatever	O
107	37	nature	O
107	38	(	O
107	39	together	O
107	40	,	O
107	41	the	O
107	42	"	O
107	43	Taxes	O
107	44	"	O
107	45	)	O
107	46	imposed	O
107	47	,	O
107	48	levied	O
107	49	,	O
107	50	collected	O
107	51	,	O
107	52	withheld	O
107	53	or	O
107	54	assessed	O
107	55	by	O
107	56	or	O
107	57	on	O
107	58	behalf	O
107	59	of	O
107	60	the	O
107	61	Federal	O
107	62	Republic	O
107	63	of	O
107	64	Germany	O
107	65	or	O
107	66	any	O
107	67	other	O
107	68	jurisdiction	O
107	69	in	O
107	70	which	O
107	71	the	O
107	72	Issuer	O
107	73	is	O
107	74	subject	O
107	75	to	O
107	76	Taxes	O
107	77	,	O
107	78	or	O
107	79	any	O
107	80	political	O
107	81	subdivision	O
107	82	or	O
107	83	any	O
107	84	authority	O
107	85	thereof	O
107	86	or	O
107	87	therein	O
107	88	having	O
107	89	power	O
107	90	to	O
107	91	tax	O
107	92	,	O
107	93	unless	O
107	94	,	O
107	95	in	O
107	96	each	O
107	97	case	O
107	98	,	O
107	99	such	O
107	100	withholding	O
107	101	or	O
107	102	deduction	O
107	103	is	O
107	104	required	O
107	105	by	O
107	106	law	O
107	107	.	O
108	1	Any	O
108	2	interruptions	O
108	3	in	O
108	4	,	O
108	5	failures	O
108	6	of	O
108	7	or	O
108	8	damage	O
108	9	to	O
108	10	i<UNK>n	O
108	11	das	O
108	12	IT	O
108	13	-	O
108	14	infrastructure	O
108	15	and	O
108	16	IT	O
108	17	-	O
108	18	systems	O
108	19	could	O
108	20	lead	O
108	21	to	O
108	22	delays	O
108	23	or	O
108	24	interruptions	O
108	25	in	O
108	26	the	O
108	27	business	O
108	28	processes	O
108	29	of	O
108	30	the	O
108	31	JAB	O
108	32	-	O
108	33	Group	O
108	34	.	O
109	1	Artikel	B-LEG
109	2	163	I-LEG
109	3	Aufgehobene	O
109	4	Rechtsakte	O
109	5	Geschehen	O
109	6	zu	O
109	7	Brüssel	O
109	8	an	O
109	9	dem	O
109	10	26.	O
110	1	Festzin	O
110	2	s-	O
110	3	Zinszahlungstag	O
110	4	ist	O
110	5	jeweils	O
110	6	der	O
110	7	30	O
110	8	.	O
111	1	Für	O
111	2	die	O
111	3	in	O
111	4	Artikel	B-LEG
111	5	140	I-LEG
111	6	Absatz	I-LEG
111	7	2	I-LEG
111	8	dieser	O
111	9	Richtlinie	O
111	10	genann­	O
111	11	ten	O
111	12	Zwecke	O
111	13	darf	O
111	14	eine	O
111	15	benannte	O
111	16	Behörde	O
111	17	für	O
111	18	den	O
111	19	antizyklischen	O
111	20	Kapitalpuffer	O
111	21	eine	O
111	22	höhere	O
111	23	Quote	O
111	24	als	O
111	25	2,5	B-MON
111	26	%	I-MON
111	27	des	O
111	28	nach	O
111	29	Artikel	B-LEG
111	30	92	I-LEG
111	31	Absatz	I-LEG
111	32	3	I-LEG
111	33	der	O
111	34	Verordnung	O
111	35	(	O
111	36	EU	O
111	37	)	O
111	38	Nr⟂	O
111	39	575/2013	O
111	40	berechneten	O
111	41	Ge­	O
111	42	samtrisikobetrags	O
111	43	festsetzen	O
111	44	,	O
111	45	sofern	O
111	46	dies	O
111	47	auf	O
111	48	der	O
111	49	Grundlage	O
111	50	der	O
111	51	in	O
111	52	Absatz	B-LEG
111	53	3	I-LEG
111	54	genannten	O
111	55	Aspekte	O
111	56	gerechtfertigt	O
111	57	ist	O
111	58	.	O
112	1	Punkt	O
112	2	Geforderte	O
112	3	Angaben	O
112	4	Forderungen	O
112	5	an	O
112	6	Kunden	O
112	7	93.194	O
112	8	91.109	O
112	9	Handelsaktiva	O
112	10	26.078	O
112	11	31.262	O
112	12	26.609	O
112	13	26.629	O
112	14	Finanzanlagen	O
112	15	und	O
112	16	Anteile	O
112	17	an	O
112	18	at-	O
112	19	Equity	O
112	20	bewerteten	O
112	21	Unternehmen	O
112	22	35.976	O
112	23	35.612	O
112	24	Verbindlichkeiten	O
112	25	gegenüber	O
112	26	Kreditinstituten	O
112	27	Verbindlichkeiten	O
112	28	gegenüber	O
112	29	Kunden	O
112	30	47.727	O
112	31	45.320	O
112	32	Verbriefte	O
112	33	Verbindlichkeiten	O
112	34	47.073	O
112	35	48.320	O
112	36	Handelspassiva	O
112	37	22.423	O
112	38	29.219	O
112	39	Eigenkapital	O
112	40	7.676	O
112	41	7.350	O
112	42	Bilanzsumme	O
112	43	172.256	O
112	44	179.489	O
113	1	Januar	O
113	2	2024	O
113	3	Alle	O
113	4	Zahlungen	O
113	5	auf	O
113	6	die	O
113	7	Schuldverschreibungen	O
113	8	erfolgen	O
113	9	an	O
113	10	das	O
113	11	Clearing	O
113	12	-	O
113	13	System	O
113	14	zu	O
113	15	der	O
113	16	Gutschrift	O
113	17	auf	O
113	18	die	O
113	19	Konten	O
113	20	der	O
113	21	jeweiligen	O
113	22	Kontoinhaber	O
113	23	des	O
113	24	Clearing	B-ORG
113	25	-	I-ORG
113	26	Systems	O
113	27	.	O
114	1	Diese	O
114	2	Endgültigen	O
114	3	Bedingungen	O
114	4	wurden	O
114	5	für	O
114	6	die	O
114	7	Zwecke	O
114	8	des	O
114	9	Artikels	B-LEG
114	10	5	I-LEG
114	11	Absatz	I-LEG
114	12	4	I-LEG
114	13	der	O
114	14	EU	O
114	15	-	O
114	16	Prospektrichtlinie	O
114	17	(	O
114	18	Richtlinie	O
114	19	2003/71/EG	O
114	20	)	O
114	21	,	O
114	22	in	O
114	23	ihrer	O
114	24	jeweils	O
114	25	gültigen	O
114	26	Fassung	O
114	27	,	O
114	28	„	O
114	29	Prospektrichtlinie	O
114	30	“	O
114	31	)	O
114	32	abgefasst	O
114	33	und	O
114	34	sind	O
114	35	in	O
114	36	Verbindung	O
114	37	mit	O
114	38	dem	O
114	39	Basisprospekt	O
114	40	unter	O
114	41	dem	O
114	42	Debt	O
114	43	Issuance	O
114	44	Programme	O
114	45	der	O
114	46	DekaBank	B-ORG
114	47	Deutsche	I-ORG
114	48	Girozentrale	I-ORG
114	49	von	O
114	50	dem	O
114	51	11	O
114	52	.	O
115	1	Kennzahlen	O
115	2	gemäß	O
115	3	CRR/CRD	O
115	4	IV	O
115	5	(	O
115	6	mit	O
115	7	Übergangsvorschriften	O
115	8	)	O
115	9	30.06.2017	O
115	10	31.12.2016	O
115	11	Risikogewichtete	O
115	12	Aktiva	O
115	13	(	O
115	14	in	O
115	15	Mrd.	O
115	16	EUR	B-MON
115	17	)	O
115	18	75,9	O
116	1	Es	O
116	2	wird	O
116	3	damit	O
116	4	ein	O
116	5	Mindestanteil	O
116	6	an	O
116	7	nachhaltigen	O
116	8	Investitionen	O
116	9	mit	O
116	10	einem	O
116	11	sozialen	O
116	12	Ziel	O
116	13	getätigt	O
116	14	:	O
116	15	___%	O
116	16	-	O
116	17	Es	O
116	18	werden	O
116	19	damit	O
116	20	ökologische/soziale	O
116	21	Merkmale	O
116	22	beworben	O
116	23	,	O
116	24	aber	O
116	25	keine	O
116	26	nachhaltigen	O
116	27	Investitionen	O
116	28	getätigt	O
116	29	.	O
117	1	ZUM	O
117	2	HANDEL	O
117	3	ZUZULASSENDEN	O
117	4	SCHULDVERSCHREIBUNGEN	O
117	5	C.	O
117	6	TERMS	O
117	7	AND	O
117	8	CONDITIONS	O
117	9	OF	O
117	10	THE	O
117	11	OFFER	O
117	12	C.	O
117	13	BEDINGUNGEN	O
117	14	UND	O
117	15	KONDITIONEN	O
117	16	DES	O
117	17	ANGEBOTS	O
117	18	D.	O
117	19	INFORMATION	O
117	20	ABOUT	O
117	21	DISTRIBUTION	O
117	22	AND	O
117	23	COMMISSIONS	O
117	24	/	O
117	25	EXPENSES	O
117	26	D.	O
117	27	INFORMATIONEN	O
117	28	ÜBER	O
117	29	VERTRIEB	O
117	30	UND	O
117	31	PROVISIONEN	O
117	32	/	O
117	33	KOSTEN	O
117	34	E.	O
117	35	LISTING	O
117	36	AND	O
117	37	ADMISSION	O
117	38	TO	O
117	39	TRADING	O
117	40	AND	O
117	41	DEALING	O
117	42	ARRANGEMENTS	O
117	43	E.	O
117	44	BÖRSENNOTIERUNG	O
117	45	UND	O
117	46	ZULASSUNG	O
117	47	ZUM	O
117	48	HANDEL	O
117	49	UND	O
117	50	HANDELSREGELN	O
117	51	F.	O
117	52	ADDITIONAL	O
117	53	INFORMATION	O
117	54	F.	O
117	55	ZUSÄTZLICHE	O
117	56	INFORMATIONEN	O
118	1	27	O
119	1	1	O
120	1	Dieses	O
120	2	Dokument	O
120	3	stellt	O
120	4	die	O
120	5	Endgültigen	O
120	6	Bedingungen	O
120	7	einer	O
120	8	Emission	O
120	9	von	O
120	10	Schuldverschreibungen	O
120	11	unter	O
120	12	dem	O
120	13	DZ	B-ORG
120	14	BANK	I-ORG
120	15	AG	I-ORG
120	16	Debt	I-ORG
120	17	Issuance	I-ORG
120	18	Programme	I-ORG
120	19	(	O
120	20	das	O
120	21	"	O
120	22	Programm	O
120	23	"	O
120	24	)	O
120	25	der	O
120	26	DZ	B-ORG
120	27	BANK	I-ORG
120	28	AG	I-ORG
120	29	Deutsche	I-ORG
120	30	Zentral	I-ORG
120	31	-	I-ORG
120	32	Genossenschaftsbank	I-ORG
120	33	,	O
120	34	Frankfurt	O
120	35	an	O
120	36	dem	O
120	37	Main	O
120	38	(	O
120	39	"	I-ORG
120	40	DZ	B-ORG
120	41	BANK	I-ORG
120	42	"	I-ORG
120	43	)	O
120	44	dar	O
120	45	.	O
121	1	112	O
121	2	Rechte	O
121	3	der	O
121	4	Anteilsinhaber	O
121	5	....................................................................................................................	O
122	1	In	O
122	2	dem	O
122	3	Fall	O
122	4	von	O
122	5	mehreren	O
122	6	Veröffentlichungen	O
122	7	einer	O
122	8	Bekanntmachung	O
122	9	nach	O
122	10	Absatz	B-LEG
122	11	(	I-LEG
122	12	1	I-LEG
122	13	)	I-LEG
122	14	,	I-LEG
122	15	ist	O
122	16	für	O
122	17	die	O
122	18	Bestimmung	O
122	19	der	O
122	20	Wirksamkeit	O
122	21	dieser	O
122	22	Bekanntmachung	O
122	23	die	O
122	24	erste	O
122	25	solche	O
122	26	Veröffentlichung	O
122	27	maß-	O
122	28	geblich	O
122	29	.	O
123	1	D.	O
123	2	ADMISSION	O
123	3	TO	O
123	4	TRADING	O
123	5	AND	O
123	6	DEALING	O
123	7	ARRANGEMENTS	O
123	8	D.	O
123	9	ZULASSUNG	O
123	10	ZUM	O
123	11	HANDEL	O
123	12	UND	O
123	13	HANDELSREGELN	O
123	14		O
123	15	Admission	O
123	16	to	O
123	17	Tradin	O
124	1	Nicht	O
124	2	anwendbar	O
124	3	Berechnungsstelle	O
124	4	:	O
124	5	UniCredit	B-ORG
124	6	Bank	I-ORG
124	7	AG	I-ORG
124	8	,	O
124	9	Apianstr	O
124	10	.	O
125	1	2,50%	B-MON
125	2	Max.	O
125	3	0,90%	B-MON
125	4	0%	B-MON
125	5	n.	O
125	6	z.	O
125	7	2.0	O
125	8	%1	O
125	9	6	O
125	10	.	O
125	11	Buy	O
125	12	and	O
125	13	Watch	O
125	14	High	O
125	15	Income	O
125	16	Bond	O
125	17	11/2025	O
125	18	Max	O
125	19	.	O
126	1	9	O
127	1	Daher	O
127	2	ist	O
127	3	für	O
127	4	die	O
127	5	Zwecke	O
127	6	der	O
127	7	Taxonomieverordnung	O
127	8	zu	O
127	9	beachten	O
127	10	,	O
127	11	dass	O
127	12	die	O
127	13	dem	O
127	14	Teilfonds	O
127	15	zugrunde	O
127	16	liegenden	O
127	17	Anlagen	O
127	18	die	O
127	19	EU	O
127	20	-	O
127	21	Kriterien	O
127	22	für	O
127	23	ökologisch	O
127	24	nachhaltige	O
127	25	Wirtschaftstätigkeiten	O
127	26	nicht	O
127	27	berücksichtigen	O
127	28	.	O
128	1	Summaries	O
128	2	are	O
128	3	made	O
128	4	up	O
128	5	of	O
128	6	disclosure	O
128	7	requirements	O
128	8	known	O
128	9	as	O
128	10	"	O
128	11	Elements	O
128	12	"	O
128	13	.	O
129	1	3	O
129	2	von	O
129	3	14	O
130	1	§	B-LEG
130	2	8	I-LEG
130	3	VERJÄHRUNG	I-LEG
130	4	Ansprüche	O
130	5	gegen	O
130	6	die	O
130	7	Emittentin	O
130	8	auf	O
130	9	Zahlungen	O
130	10	hinsichtlich	O
130	11	der	O
130	12	Schuldverschreibungen	O
130	13	verjähren	O
130	14	und	O
130	15	werden	O
130	16	unwirksam	O
130	17	,	O
130	18	wenn	O
130	19	diese	O
130	20	nicht	O
130	21	innerhalb	O
130	22	von	O
130	23	dreißig	O
130	24	Jahren	O
130	25	(	O
130	26	in	O
130	27	dem	O
130	28	Falle	O
130	29	des	O
130	30	Kapitals	O
130	31	)	O
130	32	und	O
130	33	innerhalb	O
130	34	von	O
130	35	drei	O
130	36	Jahren	O
130	37	(	O
130	38	in	O
130	39	dem	O
130	40	Falle	O
130	41	von	O
130	42	Zinsen	O
130	43	)	O
130	44	ab	O
130	45	dem	O
130	46	maßgeblichen	O
130	47	Fälligkeitstag	O
130	48	geltend	O
130	49	gemacht	O
130	50	werden	O
130	51	.	O
131	1	§2	B-LEG
131	2	STATUS	I-LEG
131	3	The	O
131	4	obligations	O
131	5	under	O
131	6	the	O
131	7	Pfandbriefe	O
131	8	constitute	O
131	9	direct	O
131	10	,	O
131	11	unconditional	O
131	12	and	O
131	13	unsubordinated	O
131	14	obligations	O
131	15	of	O
131	16	the	O
131	17	Issuer	O
131	18	ranking	O
131	19	pari	O
131	20	passu	O
131	21	among	O
131	22	themselves	O
131	23	.	O
132	1	Die	O
132	2	E	O
132	3	-	O
132	4	Mail	O
132	5	-	O
132	6	Adresse	O
132	7	der	O
132	8	Emittentin	O
132	9	lautet	O
132	10	:	O
132	11	MiFIDII	O
132	12	_Kundenbeschwerde@helaba.de	O
132	13	.	O
132	14	§	B-LEG
132	15	11	I-LEG
132	16	(	I-LEG
132	17	Zusätzliche	O
132	18	Bestimmungen	O
132	19	)	O
133	1	Die	O
133	2	Möglichkeit	O
133	3	,	O
133	4	Schuldverschreibungen	O
133	5	zu	O
133	6	veräußern	O
133	7	,	O
133	8	kann	O
133	9	darüber	O
133	10	hinaus	O
133	11	aus	O
133	12	landesspezifischen	O
133	13	Gründen	O
133	14	42	O
133	15	eingeschränkt	O
133	16	sein	O
133	17	.	O
134	1	Der	O
134	2	dann	O
134	3	geltende	O
134	4	Zinssatz	O
134	5	ist	O
134	6	der	O
134	7	gesetzliche	O
134	8	Verzugszinssatz1	O
134	9	,	O
134	10	es	O
134	11	sei	O
134	12	denn	O
134	13	,	O
134	14	der	O
134	15	gemäß	O
134	16	Absatz	B-LEG
134	17	(	I-LEG
134	18	1	I-LEG
134	19	)	I-LEG
134	20	vereinbarte	O
134	21	Zinssatz	O
134	22	ist	O
134	23	höher	O
134	24	als	O
134	25	der	O
134	26	gesetzliche	O
134	27	Verzugszinssatz	O
134	28	.	O
135	1	Keine.	O
135	2	10.	O
135	3	Hinweise	O
135	4	auf	O
135	5	Kursstabilisierungsmaß	O
135	6	-	O
135	7	nahmen	O
135	8	:	O
135	9	Seite	O
135	10	13	O
135	11	von	O
135	12	22	O
135	13	11	O
135	14	.	O
136	1	In	O
136	2	dem	O
136	3	Falle	O
136	4	einer	O
136	5	Schuldnerersetzung	O
136	6	gemäß	O
136	7	Absatz	B-LEG
136	8	(	I-LEG
136	9	a	O
136	10	)	O
136	11	dieses	O
136	12	§	B-LEG
136	13	10	I-LEG
136	14	gilt	O
136	15	jede	O
136	16	Bezugnahme	O
136	17	in	O
136	18	den	O
136	19	Bedingungen	O
136	20	auf	O
136	21	die	O
136	22	Emittentin	O
136	23	als	O
136	24	eine	O
136	25	solche	O
136	26	auf	O
136	27	die	O
136	28	Neue	O
136	29	Emittentin	O
136	30	und	O
136	31	jede	O
136	32	Bezugnahme	O
136	33	auf	O
136	34	die	O
136	35	Bundesrepublik	O
136	36	Deutschland	O
136	37	als	O
136	38	eine	O
136	39	solche	O
136	40	auf	O
136	41	den	O
136	42	Staat	O
136	43	,	O
136	44	in	O
136	45	welchem	O
136	46	die	O
136	47	Neue	O
136	48	Emittentin	O
136	49	steuerlich	O
136	50	ansässig	O
136	51	ist	O
136	52	.	O
137	1	Das	O
137	2	Fälligkeitsdatum	O
137	3	des	O
137	4	Teilfonds	O
137	5	ist	O
137	6	der	O
137	7	7.	O
137	8	November	O
137	9	2025	O
137	10	,	O
137	11	wenn	O
137	12	der	O
137	13	Teilfonds	O
137	14	aufgelöst	O
137	15	wird	O
137	16	.	O
138	1	Risk	O
138	2	Factors	O
138	3	that	O
138	4	may	O
138	5	affect	O
138	6	the	O
138	7	Issuer/Guarantor	O
138	8	's	O
138	9	ability	O
138	10	to	O
138	11	fulfil	O
138	12	i<UNK>n	O
138	13	das	O
138	14	obligations	O
138	15	under	O
138	16	the	O
138	17	Notes	O
138	18	or	O
138	19	the	O
138	20	Guarantee	O
138	21	,	O
138	22	respectively	O
138	23	The	O
138	24	Issuer	O
138	25	,	O
138	26	the	O
138	27	Guarantor	O
138	28	and	O
138	29	the	O
138	30	JAB	O
138	31	-	O
138	32	Group	O
138	33	are	O
138	34	exposed	O
138	35	to	O
138	36	certain	O
138	37	risk	O
138	38	factors	O
138	39	affecting	O
138	40	their	O
138	41	respective	O
138	42	abilities	O
138	43	to	O
138	44	fulfil	O
138	45	their	O
138	46	obligations	O
138	47	under	O
138	48	the	O
138	49	Notes	O
138	50	or	O
138	51	the	O
138	52	Guarantee	O
138	53	,	O
138	54	as	O
138	55	the	O
138	56	case	O
138	57	may	O
138	58	be	O
138	59	.	O
139	1	4.	O
139	2	Der	O
139	3	Zinssatz	O
139	4	für	O
139	5	die	O
139	6	jeweilige	O
139	7	Zinsperiode	O
139	8	entspricht	O
139	9	dem	O
139	10	in	O
139	11	der	O
139	12	nachfolgenden	O
139	13	Tabelle	O
139	14	angegebenen	O
139	15	Festzinssatz	O
139	16	in	O
139	17	Prozent	O
139	18	p.a.	O
139	19	Zinsperiode	O
139	20	Festzinssatz	O
139	21	in	O
139	22	%	O
139	23	p.a.	O
139	24	26.06.2019	O
139	25	(	O
139	26	einschließlich	O
139	27	)	O
139	28	bis	O
139	29	26.06.2020	O
139	30	(	O
139	31	ausschließlich	O
139	32	)	O
139	33	2,00	O
139	34	26.06.2020	O
139	35	(	O
139	36	einschließlich	O
139	37	)	O
139	38	bis	O
139	39	26.06.2021	O
139	40	(	O
139	41	ausschließlich	O
139	42	)	O
139	43	0,75	O
139	44	26.06.2021	O
139	45	(	O
139	46	einschließlich	O
139	47	)	O
139	48	bis	O
139	49	26.06.2022	O
139	50	(	O
139	51	ausschließlich	O
139	52	)	O
139	53	0,75	O
139	54	26.06.2022	O
139	55	(	O
139	56	einschließlich	O
139	57	)	O
139	58	bis	O
139	59	26.06.2023	O
139	60	(	O
139	61	ausschließlich	O
139	62	)	O
139	63	0,75	O
139	64	26.06.2023	O
139	65	(	O
139	66	einschließlich	O
139	67	)	O
139	68	bis	O
139	69	26.06.2024	O
139	70	(	O
139	71	ausschließlich	O
139	72	)	O
139	73	0,75	O
139	74	26.06.2024	O
139	75	(	O
139	76	einschließlich	O
139	77	)	O
139	78	bis	O
139	79	26.06.2025	O
139	80	(	O
139	81	ausschließlich	O
139	82	)	O
139	83	0,75	O
139	84	26.06.2025	O
139	85	(	O
139	86	einschließlich	O
139	87	)	O
139	88	bis	O
139	89	26.06.2026	O
139	90	(	O
139	91	ausschließlich	O
139	92	)	O
139	93	0,75	O
139	94	26.06.2026	O
139	95	(	O
139	96	einschließlich	O
139	97	)	O
139	98	bis	O
139	99	26.06.2027	O
139	100	(	O
139	101	ausschließlich	O
139	102	)	O
139	103	0,75	O
139	104	26.06.2027	O
139	105	(	O
139	106	einschließlich	O
139	107	)	O
139	108	bis	O
139	109	26.06.2028	O
139	110	(	O
139	111	ausschließlich	O
139	112	)	O
139	113	0,75	O
139	114	26.06.2028	O
139	115	(	O
139	116	einschließlich	O
139	117	)	O
139	118	bis	O
139	119	26.06.2029	O
139	120	(	O
139	121	ausschließlich	O
139	122	)	O
139	123	0,75	O
139	124	26.06.2029	O
139	125	(	O
139	126	einschließlich	O
139	127	)	O
139	128	bis	O
139	129	26.06.2030	O
139	130	(	O
139	131	ausschließlich	O
139	132	)	O
139	133	0,75	O
139	134	§	B-LEG
139	135	3	I-LEG
139	136	(	I-LEG
139	137	Fälligkeit	O
139	138	,	O
139	139	Rückzahlung	O
139	140	)	O
139	141	1	O
139	142	.	O
140	1	8	O
140	2	Financial	O
140	3	counterparty	O
140	4	risk	O
140	5	The	O
140	6	Issuer	O
140	7	and	O
140	8	the	O
140	9	Guarantor	O
140	10	are	O
140	11	exposed	O
140	12	to	O
140	13	financial	O
140	14	institution	O
140	15	counterparty	O
140	16	risk	O
140	17	and	O
140	18	will	O
140	19	continue	O
140	20	to	O
140	21	be	O
140	22	exposed	O
140	23	to	O
140	24	the	O
140	25	risk	O
140	26	of	O
140	27	loss	O
140	28	if	O
140	29	counterparty	O
140	30	financial	O
140	31	institutions	O
140	32	fail	O
140	33	or	O
140	34	are	O
140	35	otherwise	O
140	36	unable	O
140	37	to	O
140	38	meet	O
140	39	their	O
140	40	obligations	O
140	41	.	O
141	1	"	O
141	2	Zinszahlungstag	O
141	3	"	O
141	4	bezeichnet	O
141	5	jeweils	O
141	6	den	O
141	7	23.09.	O
141	8	,	O
141	9	beginnend	O
141	10	mit	O
141	11	dem	O
141	12	23.09.2023	O
141	13	und	O
141	14	endend	O
141	15	mit	O
141	16	dem	O
141	17	23.09.2026	O
141	18	.	O
142	1	Geschätzter	O
142	2	Netto	O
142	3	-	O
142	4	Emissionserlös	O
142	5	EUR	B-MON
142	6	15.253.500	I-MON
143	1	17	O
144	1	3,00%	B-MON
144	2	Max.	O
144	3	1,00	B-MON
144	4	%	I-MON
144	5	0%	B-MON
144	6	n.	O
144	7	z.	O
144	8	2,0	O
144	9	%2	O
144	10	11	O
144	11	.	O
145	1	(	O
145	2	iv	O
145	3	)	O
145	4	Risiken	O
145	5	aus	O
145	6	veränderten	O
145	7	Wettbewerbsbedingungen	O
145	8	in	O
145	9	dem	O
145	10	deutschen	O
145	11	Finanzdienstleistungssektor	O
145	12	;	O
146	1	Bezugnahmen	O
146	2	in	O
146	3	diesem	O
146	4	TEIL	O
146	5	I	O
146	6	dieser	O
146	7	Endgültigen	O
146	8	Bedingungen	O
146	9	auf	O
146	10	Paragraphen	B-LEG
146	11	und	I-LEG
146	12	Absätze	B-LEG
146	13	beziehen	O
146	14	sich	O
146	15	auf	O
146	16	die	O
146	17	Paragraphen	B-LEG
146	18	und	I-LEG
146	19	Absätze	B-LEG
146	20	der	O
146	21	Anleihebedingungen	O
146	22	.	O
147	1	All	O
147	2	references	O
147	3	in	O
147	4	this	O
147	5	PART	O
147	6	I	O
147	7	of	O
147	8	these	O
147	9	Final	O
147	10	Terms	O
147	11	to	O
147	12	numbered	O
147	13	paragraphs	O
147	14	and	O
147	15	sub	O
147	16	-	O
147	17	paragraphs	O
147	18	are	O
147	19	to	O
147	20	paragraphs	O
147	21	and	O
147	22	sub	O
147	23	-	O
147	24	paragraphs	O
147	25	of	O
147	26	the	O
147	27	Terms	O
147	28	and	O
147	29	Conditions	O
147	30	.	O
148	1	Dieser	O
148	2	Zinssatz	O
148	3	,	O
148	4	kaufmännisch	O
148	5	gerundet	O
148	6	auf	O
148	7	2	O
148	8	Nachkommastellen	O
148	9	,	O
148	10	entspricht	O
148	11	der	O
148	12	Rendite	O
148	13	.	O
149	1	Die	O
149	2	Emittentin	O
149	3	ist	O
149	4	berechtigt	O
149	5	,	O
149	6	bei	O
149	7	dem	O
149	8	Amtsgericht	O
149	9	Stuttgart	O
149	10	sämtliche	O
149	11	unter	O
149	12	den	O
149	13	Schuldverschreibungen	O
149	14	zu	O
149	15	zahlenden	O
149	16	Beträge	O
149	17	zu	O
149	18	hinterlegen	O
149	19	,	O
149	20	die	O
149	21	von	O
149	22	den	O
149	23	Anleihegläubigern	O
149	24	nicht	O
149	25	innerhalb	O
149	26	von	O
149	27	zwölf	O
149	28	Monaten	O
149	29	nach	O
149	30	dem	O
149	31	maßgeblichen	O
149	32	Fälligkeitstag	O
149	33	beansprucht	O
149	34	worden	O
149	35	sind	O
149	36	,	O
149	37	auch	O
149	38	wenn	O
149	39	die	O
149	40	Anleihegläubiger	O
149	41	sich	O
149	42	nicht	O
149	43	in	O
149	44	Annahmeverzug	O
149	45	befinden	O
149	46	.	O
150	1	(	O
150	2	3	O
150	3	)	O
